id,binary_pred,phq9_pred
1,0,0.635474
6,0,0.636428
8,0,0.629067
13,0,0.635563
18,0,0.681187
24,0,1.188638
26,0,3.992454
32,0,0.623273
33,0,0.639215
35,0,0.626642
45,1,19.614237
48,1,4.115925
51,0,0.630497
59,1,6.155501
69,1,8.476936
70,0,0.616370
83,0,1.476083
86,0,0.630380
91,1,10.700780
92,1,2.212844
97,0,0.735070
106,1,5.841691
117,0,1.509915
