id,ternary_pred,phq9_pred
1,0,0.702866
6,0,0.682222
8,0,0.675466
13,0,1.254703
18,0,0.645373
24,0,0.682109
26,0,0.786179
32,0,0.680457
33,0,0.706267
35,0,0.795264
45,2,14.717126
48,1,7.542108
51,0,0.707975
59,1,4.690364
69,2,12.666718
70,0,0.838039
83,0,1.675277
86,0,0.702862
91,2,11.488915
92,1,5.768329
97,0,0.692174
106,1,5.973029
117,0,0.831410
